序号,网页名字,网址,网页介绍,标签1,标签2,标签3,标签4,一级分类,二级分类
1,iOS限免Mergeek,https://mergeek.com/free/apps,Mergeek社区聚合iOS App限免信息，每日更新免费与打折应用,iOS,限免,App优惠,,软件下载网站,iOS软件
2,反斗限免,https://free.apprcn.com/category/ios/,专业iOS限免应用追踪站，汇总每日AppStore免费应用资讯,iOS,免费App,限时优惠,,软件下载网站,iOS软件
3,iPA商店,https://ipa.store/,提供iOS IPA安装包资源下载，含大量正版应用的备用安装源,IPA,iOS安装包,应用商店,,软件下载网站,iOS软件
4,GoFans限免,https://m.gofans.cn/,Apple正版软件限免与优惠信息聚合平台，支持移动端浏览,限免,Apple,优惠活动,,软件下载网站,iOS软件
5,IPA在线签名,https://sign.ipadump.com/#/home/esign?cType=a12,在线IPA签名工具，无需越狱即可将IPA文件签名安装到iOS设备,IPA签名,免越狱,安装工具,,软件下载网站,iOS软件
6,RoutineHub快捷指令,https://routinehub.co/,苹果iOS快捷指令分享社区，提供数千种自动化快捷指令下载,快捷指令,自动化,效率工具,,软件下载网站,iOS软件
7,油小猴安装教程,https://www.youxiaohou.com/zh-cn/crx.html,详细讲解如何安装CRX浏览器扩展，适合各浏览器版本的安装指南,浏览器扩展,安装教程,CRX,,软件下载网站,浏览器插件
8,GFork油猴镜像,https://home.greasyfork.org.cn/zh-hans,Greasy Fork国内加速镜像站，提供用户脚本下载，访问更流畅,油猴脚本,国内镜像,用户脚本,,软件下载网站,浏览器插件
9,插件小屋,https://www.chajianxw.com/,Chrome插件离线安装包下载站，支持CRX格式扩展离线安装,Chrome插件,离线安装,扩展下载,,软件下载网站,浏览器插件
10,找脚本,https://www.zhaojiaoben.cn/,专注于用户脚本搜索与分享，汇聚各类浏览器脚本资源,用户脚本,脚本搜索,油猴,,软件下载网站,浏览器插件
11,蓝鲨应用库,https://www.lsapk.com/,综合性Android APK下载站，提供大量第三方应用和工具下载,APK下载,安卓应用,软件库,,软件下载网站,PC与安卓软件
12,异星软件空间,https://www.yxssp.com/,专注分享精品软件与特色体验的独立软件站，资源丰富,精品软件,绿色应用,工具下载,,软件下载网站,PC与安卓软件
13,吾爱破解,https://www.52pojie.cn/,国内最大的软件破解与逆向分析社区，分享破解版软件与技术,破解软件,逆向分析,技术社区,,软件下载网站,PC与安卓软件
14,行书指南,https://xszn.org/zh/,免费和开源软件列表汇总站，为用户推荐优质开源替代品,开源软件,免费替代,软件推荐,,软件下载网站,PC与安卓软件
15,软仓,https://www.ruancang.net/,提供Adobe、CAD等专业设计软件的破解版下载，含详细安装教程,Adobe破解,专业软件,设计软件,,软件下载网站,PC与安卓软件
16,夸克安卓软件库,https://pan.quark.cn/s/27b761f0bd04#/list/share,夸克网盘共享的安卓软件库，持续更新各类安卓应用资源,安卓软件,夸克网盘,持续更新,,软件下载网站,PC与安卓软件
17,夸克电脑软件库,https://pan.quark.cn/s/53f4b769b034#/list/share,夸克网盘共享的Windows电脑软件库，含各类常用软件,电脑软件,夸克网盘,Windows,,软件下载网站,PC与安卓软件
18,蓝奏GG网盘,https://ypziyuanshare.lanzoul.com/b0epegxzi,蓝奏云GG网盘资源分享合集，含常用绿色软件资源,蓝奏云,网盘分享,软件合集,,软件下载网站,PC与安卓软件
19,未知影视搜索,https://projext.run/,聚合搜索全网影视资源，在线播放，无广告秒加载的影视搜索引擎,聚合搜索,无广告,在线播放,,影视音乐游戏,在线影视
20,Moovie影牛,https://moovie.c2v2.com/,电影发现与推荐平台，帮助用户找到下一部想看的好电影,电影推荐,发现好片,选片助手,,影视音乐游戏,在线影视
21,小狐搜搜,https://uuyue.top/,影视网盘资源搜索平台，一键检索电影电视剧番剧短剧资源,网盘搜索,影视资源,聚合检索,,影视音乐游戏,在线影视
22,XCloud影视,https://www.xcloudv.top/,提供VIP视频解析与在线观看服务的综合影视站,VIP解析,在线观看,影视站,,影视音乐游戏,在线影视
23,M3U8在线播放,https://m3u8-player.net/zh/,支持M3U8格式的在线播放器，可下载转换为MP4格式,M3U8播放,视频转换,在线工具,,影视音乐游戏,在线影视
24,全能VIP解析,https://tool.liumingye.cn/video/,刘明野工具箱提供的全能VIP视频在线解析工具，支持多平台,VIP解析,免费观看,多平台,,影视音乐游戏,在线影视
25,星河影视,https://www.xinghetv.cc/,免费在线观看电影电视剧动漫综艺，高清无广告，海量弹幕,免费观看,高清无广告,弹幕,,影视音乐游戏,在线影视
26,爱壹帆,https://www.iyf.lv/,海量高清视频免费在线观看平台，内容丰富无需登录,免费高清,在线观看,综合影视,,影视音乐游戏,在线影视
27,泥视频,https://www.nivod.vip/,海外华人在线影院，收录大量中文影视内容，适合海外用户,海外华人,在线影院,中文影视,,影视音乐游戏,在线影视
28,光速影视,https://www.4kzaixian.top/,4K高清在线影视平台，提供电影电视剧流畅在线观看,4K高清,在线影视,流畅播放,,影视音乐游戏,在线影视
29,A控屋恐怖站,https://akongwu.com/,专注恐怖惊悚类电影分享的垂直站点，为恐怖片爱好者服务,恐怖电影,惊悚影视,垂直站点,,影视音乐游戏,在线影视
30,港剧天堂,https://www.gjtt.net/,专注经典怀旧港剧资源收录，粤语原版港片港剧在线观看,港剧,粤语,怀旧经典,,影视音乐游戏,在线影视
31,AGE动漫,https://m.agedm.io/#/,专业动漫在线观看平台，提供大量国内外动漫高清资源,日本动漫,国产动漫,番剧,,影视音乐游戏,在线动漫
32,AcFun弹幕,https://m.acfun.cn/,A站弹幕视频网站，有大量ACG相关内容与弹幕互动功能,弹幕视频,ACG,互动社区,,影视音乐游戏,在线动漫
33,OmoFun动漫,https://fb.omoo.tv/,高质量动漫在线观看站，提供多种字幕版本与清晰度选择,动漫字幕,高清番剧,在线观看,,影视音乐游戏,在线动漫
34,次元城动画,https://www.cycani.org/,海量蓝光番剧免费观看站，专注二次元动画资源收录,蓝光番剧,免费观看,二次元,,影视音乐游戏,在线动漫
35,饭团动漫,https://fantuantv.com/,ACG综合平台，提供动漫、漫画等二次元内容在线观看,ACG平台,动漫漫画,二次元,,影视音乐游戏,在线动漫
36,央视片库,https://tv.cctv.com/yxg/index.shtml#datacid=jlp,CCTV官方纪录片库，收录中央电视台出品的经典纪录片资源,央视纪录片,官方资源,CCTV,,影视音乐游戏,纪录片
37,中国纪录片网,http://www.docuchina.cn/,国家级纪录片新媒体综合运营平台，汇聚国产纪录片资源,国产纪录片,官方平台,文化纪录,,影视音乐游戏,纪录片
38,每天一小时纪录片,https://www.onehourlife.com/,精选必看纪录片下载推荐站，经典纪录片收藏与推荐,纪录片下载,经典推荐,精品收藏,,影视音乐游戏,纪录片
39,公开课纪录片下载,https://opclass.com/,提供公开课与纪录片下载服务，适合学习与研究使用,公开课,纪录片下载,学习资源,,影视音乐游戏,纪录片
40,短剧资源网,https://www.djzyw.com/,收录最新热门短剧的资源站，提供夸克/百度网盘短剧资源,短剧下载,网盘资源,热门短剧,,影视音乐游戏,短剧资源
41,短剧库,https://so.duanjuku.top/,天天短剧聚合平台，短剧搜索与网盘链接一键获取,短剧搜索,聚合平台,一键获取,,影视音乐游戏,短剧资源
42,柠檬体育直播,https://ningmengzhibo.tv/,提供NBA、英超、足球等体育赛事高清直播服务,体育直播,NBA直播,足球直播,,影视音乐游戏,在线直播
43,说球帝直播,https://jzbh2r6t.jskaba.com/,说球帝体育直播平台，24小时实时直播足球篮球五大联赛,体育直播,篮球足球,实时直播,,影视音乐游戏,在线直播
44,云听电台,https://www.radio.cn/pc-portal/erji/radioStation.html,央广网官方声音平台，提供全国电台直播与回听、相声评书等,电台直播,评书相声,央广网,,影视音乐游戏,在线直播
45,502book小说搜索,https://502book.com/,免费小说搜索引擎，聚合多平台小说资源，一键搜索阅读,小说搜索,免费阅读,聚合搜索,,影视音乐游戏,在线小说
46,owllook小说搜索,https://owlook.com.cn/,网络小说搜索引擎，简洁清新的搜索与阅读体验,小说搜索,阅读体验,清新界面,,影视音乐游戏,在线小说
47,顶点小说,https://m.blqvdu.cc/,无弹窗无广告小说在线阅读平台，海量网络小说免费阅读,无广告,免费阅读,网络小说,,影视音乐游戏,在线小说
48,1Music高品质,https://1music.cc/zh-CN,免费高品质音乐下载，支持FLAC/MP3格式，含WebDAV上传功能,无损音乐,FLAC下载,高品质,,影视音乐游戏,音乐下载
49,歌曲海,https://www.gequhai.com/,海量高品质MP3音乐免费下载站，一键搜索找好歌,MP3下载,免费音乐,高品质,,影视音乐游戏,音乐下载
50,铜钟音乐,https://tonzhon.com/,免费音乐下载平台，提供MP3歌曲高品质下载与在线试听,MP3下载,免费音乐,在线试听,,影视音乐游戏,音乐下载
51,Wandhi多站音乐,https://music.wandhi.com/,多站合一音乐搜索平台，聚合多个音乐平台在线试听,多站聚合,音乐搜索,在线试听,,影视音乐游戏,音乐下载
52,歌曲宝,https://www.gequbao.com/,MP3音乐高品质在线免费下载站，找歌就用歌曲宝,MP3下载,免费音乐,高品质,,影视音乐游戏,音乐下载
53,枫叶音乐盒,https://mu-jie.cc/musicBox/#/,在线音乐播放器，支持多平台音乐播放，界面简洁优雅,在线播放器,多平台音乐,简洁界面,,影视音乐游戏,音乐下载
54,搜漫搜索,https://www.hisoman.com/,在线漫画搜索引擎，聚合多平台漫画资源一键搜索,漫画搜索,聚合平台,在线阅读,,影视音乐游戏,在线漫画
55,COLAMANGA,https://www.colamanga.com/,提供优质漫画阅读体验的在线漫画平台，收录丰富漫画内容,漫画平台,优质体验,在线阅读,,影视音乐游戏,在线漫画
56,Dialogue动漫台词,https://dialogue.moe/,通过台词搜索原版动漫片段的工具，支持精准台词匹配,台词搜索,动漫片段,精准匹配,,影视音乐游戏,影视工具
57,33台词搜索,https://33tc.net/,电影台词搜索引擎，输入记忆中的台词找到对应电影场景,台词搜索,电影片段,场景定位,,影视音乐游戏,影视工具
58,Switch520游戏,https://www.gamer520.com/,Switch游戏下载站，提供大量NS游戏ROM资源免费下载,Switch游戏,NS游戏,游戏下载,,影视音乐游戏,游戏下载
59,上游世界,https://www.vgter.net/,Switch/PS4等主机游戏下载平台，提供中文游戏资源,主机游戏,Switch,PS4游戏,,影视音乐游戏,游戏下载
60,掌机迷GBA游戏,https://www.gbarom.cn/,专注中古掌机游戏网站，收录GBA/PSP/NDS等经典掌机ROM,GBA游戏,掌机ROM,经典游戏,,影视音乐游戏,游戏下载
61,Free GOG游戏,https://freegogpcgames.com/,免费GOG PC游戏下载，提供无DRM限制的完整游戏资源,PC游戏,GOG游戏,无DRM,,影视音乐游戏,游戏下载
62,小霸王在线游戏,https://www.yikm.net/,在线游玩FC红白机经典游戏，支持超级马里奥等经典NES游戏,FC游戏,在线游玩,经典红白机,,影视音乐游戏,网页游戏
63,Poki在线游戏,https://poki.com/zh,免费在线小游戏平台，无需注册即可玩数千款网页游戏,在线小游戏,免费游戏,网页游戏,,影视音乐游戏,网页游戏
64,汉兜汉字Wordle,https://handle.antfu.me/,汉字版Wordle猜词游戏，通过猜测四字成语来挑战汉语能力,益智游戏,汉字猜词,成语游戏,,影视音乐游戏,网页游戏
65,在线打CS,https://play-cs.com/,在线玩CS经典射击游戏，无需安装，打开浏览器即可游玩,CS游戏,在线射击,免安装,,影视音乐游戏,网页游戏
66,红色警戒在线版,https://game.chronodivide.com/,经典即时战略游戏红色警戒的网页在线版，无需下载安装,红色警戒,即时战略,在线游玩,,影视音乐游戏,网页游戏
67,3DM游戏攻略,https://m.3dmgame.com/gl/,3DM提供的单机游戏攻略大全，覆盖主流PC游戏详细攻略,游戏攻略,单机游戏,3DM,,影视音乐游戏,游戏资讯
68,ASMR第一站,https://asmr1.com/,ASMR内容导航站，收录全球ASMR创作者网址与资源,ASMR,助眠,内容导航,,影视音乐游戏,ASMR
69,英语音标学习,https://www.yyybabc.com/,英语48个音标免费学习平台，含音频示范与跟读练习功能,英语音标,发音学习,免费教程,,教育资源汇总,外语学习
70,EngLearner英语导航,https://www.englearner.site/cn/index.html,英语学习工具导航网站，汇聚各类英语学习资源与工具,英语工具,学习导航,资源汇总,,教育资源汇总,外语学习
71,新概念英语在线,https://nce.luzhenhua.cn/,新概念英语四册全收录，支持在线点读与跟读练习,新概念英语,点读跟读,英语学习,,教育资源汇总,外语学习
72,巴别英语,https://www.babelabc.com/,通过看视频来学英语的沉浸式英语学习平台,视频学英语,沉浸式学习,英语教育,,教育资源汇总,外语学习
73,Loecsen多语言,https://www.loecsen.com/zh,支持50种语言的免费在线语言学习平台，适合旅行者入门,多语言,语言学习,50种语言,,教育资源汇总,外语学习
74,故宫数字文物库,https://digicol.dpm.org.cn/,故宫博物院官方数字文物库，在线浏览海量故宫珍藏文物,故宫文物,数字博物馆,历史文化,,教育资源汇总,文化历史
75,识典古籍,https://www.shidianguji.com/,古籍在线阅读平台，提供中华经典典籍的数字化阅读服务,古籍阅读,数字典籍,中华经典,,教育资源汇总,文化历史
76,全球纸币博物馆,http://www.banknote.ws/,收录全球各国纸币图片的在线博物馆，货币历史文化百科,钱币博物馆,纸币收藏,货币历史,,教育资源汇总,文化历史
77,菜鸟教程,https://www.runoob.com/,国内最受欢迎的编程学习网站，提供Python/Java/前端等教程,编程教程,入门学习,多语言,,教育资源汇总,编程开发
78,W3School教程,https://www.w3school.com.cn/,面向初学者的Web技术学习平台，HTML/CSS/JavaScript系统教程,Web开发,HTML教程,入门编程,,教育资源汇总,编程开发
79,OfferNow编程求职,https://offernow.cn/,AI时代程序员进阶指南，提供编程学习与求职一体化平台,程序员求职,编程进阶,AI时代,,教育资源汇总,编程开发
80,万方免费查重,https://chsi.wanfangtech.net/,万方数据提供的论文免费查重服务，应届生可免费使用一次,论文查重,万方数据,免费服务,,教育资源汇总,学术科研
81,Sci-Hub镜像导航,https://ifish.fun/paper/search?imyshare.com=friends,Sci-Hub有效可用镜像地址实时更新，免费获取学术论文,SciHub,学术论文,免费下载,,教育资源汇总,学术科研
82,谷歌学术镜像,https://ac.ruanmao.net/,谷歌学术国内镜像导航站，无需翻墙访问Google Scholar,谷歌学术,镜像导航,文献搜索,,教育资源汇总,学术科研
83,Semantic Scholar,https://www.semanticscholar.org/,AI驱动的免费学术搜索引擎，覆盖2亿+学术论文的智能检索,AI学术搜索,免费论文,智能检索,,教育资源汇总,学术科研
84,Z-Library电子书,https://zh.ddd101.ru/,全球最大电子书图书馆，免费访问数百万册电子书资源,电子书,免费图书馆,海量资源,,教育资源汇总,电子书资源
85,鸠摩搜索,https://www.jiumodiary.com/,文档与电子书搜索引擎，聚合多平台电子书资源一键搜索,电子书搜索,文档搜索,聚合引擎,,教育资源汇总,电子书资源
86,读书派,https://www.dushupai.com/,提供epub/azw3/mobi/pdf等多格式电子书免费下载服务,epub下载,多格式,电子书,,教育资源汇总,电子书资源
87,中国哲学书数字化,https://ctext.org/zhs,中国哲学典籍电子化计划，提供中国历史典籍的在线阅读,哲学典籍,中华文化,在线阅读,,教育资源汇总,电子书资源
88,牛客网面试题库,https://www.nowcoder.com/exam/company,提供各大公司笔试面试真题模拟题库，程序员求职必备平台,面试题库,笔试真题,求职备考,,教育资源汇总,题库考试
89,雅思在线测试,https://ieltsonlinetests.com/zh-hans/ielts-exam-library,雅思真题免费在线测试平台，含完整题目与详细答案解析,雅思备考,真题练习,免费测试,,教育资源汇总,题库考试
90,快打字在线练习,https://www.kuaidazi.cn/,专业在线打字课程与练习平台，帮助提升中英文打字速度,打字练习,速度提升,在线课程,,教育资源汇总,在线练习
91,在线钢琴模拟器,https://pianoonline.cc/,免费学习钢琴的在线模拟器，支持88键全键盘练习,钢琴学习,在线模拟器,音乐教育,,教育资源汇总,在线练习
92,编程运营夸克资料,https://pan.quark.cn/s/4d37afe977d6#/list/share,夸克网盘持续更新的编程开发/电商运营/自媒体运营学习资料库,学习资料,夸克网盘,持续更新,,教育资源汇总,网盘学习资料
93,考研考公题库资料,https://pan.quark.cn/s/aa03bb3e3bd0#/list/share,夸克网盘持续更新的考研/考公/考试/考证题库与资料库,考研资料,考公备考,题库资料,,教育资源汇总,网盘学习资料
94,PPT库模板,https://pptku.org/,海量免费高品质PPT模板下载，覆盖各行业课件资源,PPT模板,免费下载,课件资源,,设计素材模板,PPT模板
95,第一PPT,https://m.1ppt.com/,知名PPT模板下载网站，精美PPT模板免费下载与分享,PPT模板,免费下载,精美设计,,设计素材模板,PPT模板
96,优品PPT,https://www.ypppt.com/,精美免费PPT模板下载平台，提供高质量幻灯片设计模板,PPT模板,高质量,免费下载,,设计素材模板,PPT模板
97,飞职AI简历,https://www.jianliai.com/,AI驱动的在线简历生成工具，智能生成专业求职简历,AI简历,在线生成,求职工具,,设计素材模板,简历模板
98,魔方简历,https://magicv.art/zh,AI驱动的简历编辑器，提供专业简历设计与智能优化功能,AI简历,简历编辑,专业设计,,设计素材模板,简历模板
99,极简简历,https://www.polebrief.com/index,极简设计风格的在线简历制作工具，清爽专业的求职利器,极简简历,在线制作,专业设计,,设计素材模板,简历模板
100,3D图标库,https://www.ai-suguan.com/,数千个高质量3D图标的大型图标库，AI生成的精品3D素材,3D图标,高质量素材,图标下载,,设计素材模板,图标图片
101,矢量图标免费下载,https://igoutu.cn/icons/,150万+免费矢量图标下载，支持SVG和PNG格式,矢量图标,SVG下载,免费素材,,设计素材模板,图标图片
102,unDraw插画,https://undraw.co/illustrations,免费可商用SVG插画库，支持在线修改颜色，风格统一优雅,SVG插画,可商用,免费素材,,设计素材模板,图标图片
103,麦田艺术油画,https://www.nbfox.com/,收录世界名画的高清无水印艺术网站，世界名画免费下载,世界名画,艺术素材,免费下载,,设计素材模板,图标图片
104,AI可商用图片,https://gyo.one/image,免费可商用AI图片素材站，无需注册即可无限制下载使用,AI图片,可商用,免费下载,,设计素材模板,图标图片
105,字体库免费商用,https://zitiku.org/,1000+中英文免费商用字体资源下载，高品质字体一站汇集,免费商用字体,中文字体,字体下载,,设计素材模板,字体资源
106,ZeoSeven字体,https://fonts.zeoseven.com/,免费商用字体和开源字体的WebFonts API和下载站,开源字体,WebFonts,免费商用,,设计素材模板,字体资源
107,字体天下,https://m.fonts.net.cn/,提供各类字体免费下载和在线预览服务的综合字体平台,字体下载,在线预览,综合平台,,设计素材模板,字体资源
108,SVGL图标下载,https://svgl.app/,在线免费SVG logo下载库，收录各大知名品牌的矢量LOGO,SVG logo,品牌图标,矢量下载,,设计素材模板,Logo素材
109,LogoCook制作,https://www.logocook.shop/,免费可爱Logo在线制作工具，轻松生成专属个性化Logo,Logo制作,在线工具,免费生成,,设计素材模板,Logo素材
110,FindSounds音效,https://www.findsounds.com/typesChinese.html,100万+种免费音效和声音采样，无需注册即可下载使用,音效下载,免费声音,素材库,,设计素材模板,音效素材
111,淘声音效库,https://www.tosound.com/,声音搜索引擎，提供免费音效素材和视频游戏配乐下载,音效搜索,免费配乐,声音素材,,设计素材模板,音效素材
112,爱给网素材,https://m.aigei.com/,提供音效配乐、3D模型、视频素材等多媒体素材的免费下载平台,多媒体素材,音效3D,免费下载,,设计素材模板,音效素材
113,PR模板下载,https://www.lookae.com/prmoban/,Premiere Pro模板免费下载，含mogrt预设与工程文件,PR模板,Premiere,视频模板,,设计素材模板,视频素材
114,AE模板LookAE,https://www.lookae.com/after-effects/other-after-effects/,After Effects模板免费下载，专业AE工程文件与预设资源,AE模板,After Effects,视频特效,,设计素材模板,视频素材
115,夸克万套PPT大合集,https://pan.quark.cn/s/6bc0088b16c4#/list/share,夸克网盘共享2万套PPT模板典藏大合集84GB，覆盖全行业场景,PPT合集,设计模板,海量资源,,设计素材模板,网盘设计资源
116,自媒体剪辑素材库,https://pan.quark.cn/s/219f51ce8e4d#/list/share,小红书热卖自媒体各行业剪辑素材合集，适合vlog日常创作,剪辑素材,自媒体,网盘资源,,设计素材模板,网盘设计资源
117,豆包AI助手,https://www.doubao.com/chat/,字节跳动旗下AI智能助手，支持多轮对话与创作辅助,AI对话,字节跳动,智能助手,,开源项目展示,AI工具
118,DeepL翻译,https://www.deepl.com/zh/translator,全球最准确的AI翻译器，支持31种语言的高质量翻译,AI翻译,高质量,多语言,,开源项目展示,AI工具
119,AI提示词库AiShort,https://www.aishort.top/,精选Prompt模板库，即刻提升AI效率的提示词分享平台,Prompt模板,AI提示词,效率提升,,开源项目展示,AI工具
120,AI图像生成免费,https://aiart.gcc.ac.cn/,免费在线AI绘画工具，无需注册即可生成高质量AI图像,AI绘画,免费生成,图像创作,,开源项目展示,AI工具
121,TTSMaker配音,https://ttsmaker.cn/,在线免费文字转语音平台，提供多种声音与语言的配音服务,文字转语音,TTS配音,免费使用,,开源项目展示,AI工具
122,Fogsight动画生成,https://fogsight.ai/,雾象AI将复杂概念转化为直观的动态HTML动画可视化工具,动画生成,概念可视化,AI教学,,开源项目展示,AI工具
123,AI TryAII对比,https://tryaii.com/,实时横向对比GPT、Gemini、Claude等主流AI大模型的测试平台,AI对比,大模型测试,横向评测,,开源项目展示,AI工具
124,MikuTools工具集,https://tools.miku.ac/,一站式在线工具合集，内置多种AI工具，无广告无需登录,工具箱,无广告,AI工具,,开源项目展示,在线工具箱
125,IT Tools开发工具,https://it-tools.tech/,免费且全面的开发人员在线工具集合，100+实用开发工具,开发工具,程序员工具,免费工具,,开源项目展示,在线工具箱
126,千盒在线工具,https://1000tool.com/,优质在线工具大全，汇聚各类实用网络工具一站式使用,在线工具,工具大全,一站式,,开源项目展示,在线工具箱
127,iLovePDF工具,https://www.ilovepdf.com/zh-cn,专业PDF在线处理工具集，提供压缩转换合并等全套PDF功能,PDF工具,在线处理,格式转换,,开源项目展示,在线工具箱
128,Excalidraw白板,https://excalidraw.com/,开源手绘风格在线白板工具，支持协作绘图与流程图创建,白板工具,开源,协作绘图,,开源项目展示,在线工具箱
129,GitMind思维导图,https://gitmind.cn/,AI思维导图与流程图制作软件，支持多人协作在线编辑,思维导图,AI辅助,协作工具,,开源项目展示,在线工具箱
130,Convertio格式转换,https://convertio.co/zh/,支持300种格式的在线文件转换器，图片视频文档音频均可转换,格式转换,300种格式,在线工具,,开源项目展示,在线工具箱
131,盘大师网盘搜索,https://www.pandashi8.com/,聚合网盘资源搜索引擎，支持夸克网盘等多云盘资源搜索,网盘搜索,聚合引擎,资源查找,,其他网站收藏,网盘搜索
132,猫狸阿里盘搜,https://www.alipansou.com/,阿里云盘资源搜索神器，快速找到阿里网盘共享内容,阿里云盘,网盘搜索,资源查找,,其他网站收藏,网盘搜索
133,混合盘搜索,https://hunhepan.com/search,同时搜索百度、夸克、阿里云盘资源的聚合网盘搜索站,多盘搜索,聚合搜索,网盘资源,,其他网站收藏,网盘搜索
134,磁力星球BT搜索,https://btstar.top/,磁力链接与BT种子搜索引擎，快速找到想要的资源,磁力搜索,BT种子,资源下载,,其他网站收藏,网盘搜索
135,历史价格查询,https://m.gwdang.com/trendIndex/,查询京东淘宝得物历史价格走势，帮助判断是否买到实惠,历史价格,购物参考,价格走势,,其他网站收藏,生活服务
136,全球日落时间,https://whattimeissunset.net/,全球各城市日落时间精准查询，摄影黄金时段与旅行必备工具,日落时间,摄影助手,旅行工具,,其他网站收藏,生活服务
137,城市租房生存指南,https://zufang.ababtools.com/,专为租房者设计的生存指南，覆盖看房签约维权全流程知识,租房指南,生活攻略,维权知识,,其他网站收藏,生活服务
138,2026个税计算器,https://geshui.designshidai.com/,2026年个人所得税计算工具，支持年度汇算清缴与退税预测,个税计算,退税预测,薪资工具,,其他网站收藏,生活服务
139,iFixit维修手册,https://zh.ifixit.com/Guide,针对所有物品的修理手册，从手机到家电的DIY维修指南,维修手册,DIY修理,实用教程,,其他网站收藏,生活服务
140,WikiHow万事指南,https://zh.wikihow.com/%E9%A6%96%E9%A1%B5,可信赖的万事指南，涵盖生活、技能、健康等全方位实用教程,万事指南,生活技能,实用教程,,其他网站收藏,生活服务
141,医保政策导航,https://yibao.233h.com/,医保报销全攻略平台，医保政策查询与报销流程一站导航,医保政策,报销攻略,医疗信息,,其他网站收藏,生活服务
142,哲风壁纸,https://haowallpaper.com/mobileView,免费高清手机壁纸平台，海量精美背景图片分类下载,手机壁纸,高清免费,精美图片,,其他网站收藏,壁纸美图
143,4K电脑壁纸,https://4kwallpapers.com/,提供超高清4K/8K宽屏电脑壁纸免费下载的专业壁纸站,4K壁纸,超高清,电脑壁纸,,其他网站收藏,壁纸美图
144,全景故宫,https://pano.dpm.org.cn/#/,故宫博物院官方全景虚拟游览，360°沉浸式在线参观故宫,故宫全景,虚拟游览,文化旅游,,其他网站收藏,壁纸美图
145,Sound Box白噪音,https://soundbox.fun/,专业白噪音生成器，含情境音效助眠放松等多种音景场景,白噪音,助眠放松,情境音效,,其他网站收藏,休闲娱乐
146,落耳助眠,https://loaer.com/,专注睡眠、专注与冥想的白噪音工具，含呼吸练习与放松功能,助眠工具,冥想放松,专注白噪音,,其他网站收藏,休闲娱乐
147,今日热榜聚合,https://hot.vvhan.com/,汇聚全网热点资讯的热榜聚合平台，实时追踪各平台热门内容,热点聚合,实时热榜,全网资讯,,其他网站收藏,新闻资讯
148,Kagi新闻简报,https://news.kagi.com/,将全球数千家新闻来源提炼成一份完美的每日新闻简报,新闻聚合,每日简报,全球资讯,,其他网站收藏,新闻资讯
149,有据事实核查,https://chinafactcheck.com/,专业国际新闻事实核查平台，辨别真假新闻的权威参考站,事实核查,辟谣平台,新闻鉴别,,其他网站收藏,新闻资讯
150,文叔叔临时网盘,https://www.wenshushu.cn/,免费临时文件传输工具，提供大文件跨设备快速分享服务,临时传输,文件分享,大文件,,其他网站收藏,实用工具
151,临时邮箱MinMail,https://minmail.app/cn,免费临时电子邮件服务，保护隐私避免垃圾邮件骚扰,临时邮箱,隐私保护,免注册,,其他网站收藏,实用工具
152,Zoom.Earth天气追踪,https://zoom.earth/,实时卫星地图与天气图，可追踪台风、气旋等极端天气事件,卫星地图,天气追踪,台风监测,,其他网站收藏,地图探索
153,全景航拍AirPano,https://airpano.org.cn/,360°全球航拍全景图库，虚拟游览世界各地最壮观的景色,航拍全景,360°游览,世界景色,,其他网站收藏,地图探索
154,全球实况摄像头,https://www.skylinewebcams.com/,全球高清实时摄像头直播平台，足不出户看遍全球各地实况,实况摄像,全球直播,实时查看,,其他网站收藏,地图探索
155,人生重开模拟器,https://liferestart.syaro.io/public/index.html,趣味人生重开模拟游戏，随机分配属性体验不同的人生轨迹,趣味游戏,人生模拟,随机互动,,其他网站收藏,趣味娱乐
156,16Personalities测试,https://www.16personalities.com/ch,MBTI人格类型免费测试，提供详细的人格描述与职业建议,MBTI,人格测试,职业建议,,其他网站收藏,趣味娱乐
157,宇宙的刻度,https://scaleofuniverse.com/en,从微观粒子到宏观星系的交互式可视化学习工具，探索宇宙尺度,宇宙探索,科学可视化,教育工具,,其他网站收藏,趣味娱乐
158,大海有多深,https://neal.fun/deep-sea/,交互式深海探索工具，展示海洋不同深度的生物与奇观,深海探索,科学教育,交互可视化,,其他网站收藏,趣味娱乐
159,哔哩哔哩下载器,https://savebilibili.com/zh-CN,在线免费B站视频下载器，无水印高清格式一键下载,B站下载,无水印,视频下载,,其他网站收藏,自媒体工具
160,多平台去水印,https://dy.kukutool.com/,免费不限次数多平台视频去水印解析工具，支持130+平台,去水印,视频解析,多平台支持,,其他网站收藏,自媒体工具
161,AnyToCopy文案提取,https://www.anytocopy.com/,免费在线视频文案提取工具，一键抖音文案提取，支持50+平台,文案提取,视频转文字,自媒体助手,,其他网站收藏,自媒体工具
162,公众号排版器,https://editor.huasheng.ai/,在线微信公众号内容排版工具，快速生成美观的图文排版,公众号排版,微信编辑,图文排版,,其他网站收藏,自媒体工具
163,Presearch去中心化搜索,https://presearch.com/,去中心化隐私搜索引擎，基于区块链技术，不追踪用户数据,隐私搜索,去中心化,区块链,,其他网站收藏,搜索引擎
164,Yandex俄罗斯搜索,https://yandex.com/,俄罗斯最大搜索引擎，图像识别能力强，可以识别搜索人脸,俄罗斯搜索,图像识别,人脸搜索,,其他网站收藏,搜索引擎
165,Kagi高质量搜索,https://kagi.com/,付费高质量搜索引擎，无广告无追踪，搜索结果更准确,高质量搜索,无广告,隐私保护,,其他网站收藏,搜索引擎
166,Exa AI搜索,https://exa.ai/,AI驱动的语义搜索引擎，通过含义而非关键词找到最相关内容,AI搜索,语义搜索,智能检索,,其他网站收藏,搜索引擎
167,IPTV直播源工具,https://iptv.hacks.tools/,IPTV直播源订阅工具，提供全球各地电视频道直播源整合,IPTV直播,电视频道,直播源,,影视音乐游戏,在线直播
168,电视盒子TVBox,https://github.com/youhunwl/TVAPP,Android电视盒子应用与直播源整合项目，开源免费使用,TVBox,电视盒子,开源应用,,影视音乐游戏,在线直播
169,奇点资源聚合,https://qidianku.com/,各类精品资源聚合导航站，汇集网络上优质内容推荐,资源聚合,导航站,精品推荐,,其他网站收藏,导航聚合
170,享分享资源社区,https://xiangleshare.com/,分享生活中发现的优质网络资源与实用工具推荐社区,资源分享,社区推荐,实用工具,,其他网站收藏,导航聚合
171,GitHub开源仓库,https://github.com/,全球最大开源项目托管平台，汇集数百万开源代码仓库,开源代码,代码托管,开发社区,,开源项目展示,开源平台
172,程序员考公指南,https://github.com/coder2gwy/coder2gwy,互联网首份程序员考公指南，由3位前大厂程序员联合撰写,程序员,考公指南,开源文档,,教育资源汇总,考公考研
173,Workout Cool健身,https://workout.cool/,现代化开源健身计划平台，支持多语言的免费健身训练工具,健身平台,开源,健康运动,,开源项目展示,开源平台
174,证件照在线制作,https://id-photo.cn/,证件照大师，在线一键制作各规格证件照，支持换背景色,证件照,在线制作,换底色,,其他网站收藏,图片工具
175,草料二维码生成,https://cli.im/,专业在线二维码生成器，支持文字URL名片等多种内容类型,二维码,在线生成,专业工具,,其他网站收藏,图片工具
176,LazyPic图片工具箱,https://pic.lazyso.com/,本地极速处理图片的工具箱，隐私安全，无需上传服务器,图片处理,本地运行,隐私安全,,其他网站收藏,图片工具
177,在线抠图免费,https://ezpic.fun/zh,在线免费AI抠图去除图片背景，一键实现高精度背景移除,AI抠图,去背景,免费工具,,其他网站收藏,图片工具
178,白描OCR识别,https://web.baimiaoapp.com/,在线OCR文字识别工具，支持多国语言的图片转文字服务,OCR识别,图片转文字,多语言支持,,其他网站收藏,图片工具
179,中国色传统颜色,https://zhongguose.com/,收录中国传统色彩的颜色代码库，含颜色名称与RGB/HEX值,中国传统色,颜色代码,设计参考,,设计素材模板,配色工具
180,haveibeenpwned,https://haveibeenpwned.com/,查询邮箱账号是否在数据泄露事件中被泄露的安全检测工具,账号安全,数据泄露,隐私检测,,其他网站收藏,隐私安全
181,IP纯净度检测,https://ippure.com/,IP地址信息与纯净度检测工具，查询IP归属地与安全状态,IP检测,网络安全,纯净度查询,,其他网站收藏,隐私安全
182,KMS系统激活,https://kms.cx/,一键激活Windows系统和Office软件的KMS激活工具网站,KMS激活,Windows激活,Office激活,,软件下载网站,系统工具
183,SimilarSites类似网站,https://similarsites.com/,输入网站链接找到类似网站的推荐工具，发现同类优质网站,类似网站,网站发现,网络导航,,其他网站收藏,导航聚合
184,秘塔AI搜索,https://metaso.cn/,AI驱动的智能搜索引擎，提供结构化搜索结果与深度分析,AI搜索,智能搜索,深度分析,,其他网站收藏,搜索引擎
185,GIF动图搜索GIPHY,https://giphy.com/,全球最大GIF动图搜索引擎，海量表情包与动画素材免费使用,GIF搜索,动图素材,表情包,,设计素材模板,图标图片
186,深言达意找词,https://shenyandayi.com/mobile,用于寻找贴切词语和句子的语言工具，输入感觉找到精准表达,找词造句,语言工具,精准表达,,其他网站收藏,实用工具
187,Bypass抢票,https://www.bypass.cn/,火车票智能分流抢票服务，通过候补购票提高抢票成功率,抢票工具,火车票,候补购票,,其他网站收藏,实用工具
188,实时线报羊毛,https://www.906k.cn/,实时分享最快最全的一手活动羊毛资讯，薅羊毛必看线报站,线报活动,羊毛资讯,优惠活动,,其他网站收藏,优惠福利
189,App全球最低价,https://appstoreprice.org/zh,发现全球App Store最低价格的工具，汇率换算帮你省钱购应用,App低价,全球比价,省钱工具,,其他网站收藏,优惠福利
190,Versus万物对比,https://versus.com/cn,万物皆可对比的产品参数比较平台，覆盖手机电脑家电等,产品对比,参数比较,选购助手,,其他网站收藏,优惠福利
191,书源搜索引擎,https://shuyuan.yiove.com/,专注阅读APP书源搜索与分享，覆盖各类网络小说书源,书源搜索,阅读APP,小说书源,,其他网站收藏,导航聚合
192,Grep代码搜索,https://grep.app/,在GitHub上进行代码搜索的专业工具，快速定位开源代码片段,代码搜索,GitHub,开发工具,,开源项目展示,开发工具
193,BugMeNot免费账号,https://bugmenot.com/,提供各网站共享登录账号的数据库，避免注册直接使用,共享账号,免注册,登录助手,,其他网站收藏,实用工具
194,颜色生成器Kigen,https://kigen.design/color,一键打造专业级设计系统配色方案的颜色生成器工具,配色方案,颜色生成,设计系统,,设计素材模板,配色工具
195,HumanizeAI人性化,https://www.humanizeaiwork.com/,将AI生成文本转换为100%自然人类文本的内容优化工具,AI内容优化,文本人性化,写作工具,,开源项目展示,AI工具
196,大模型API中转,https://uiuiapi.com/,AI大模型API一站式聚合平台，接入OpenAI、Claude等主流API,API中转,大模型接入,开发服务,,开源项目展示,AI工具
